Workbook

Sheet 가이드
A1: GENIE_ROI V314 인플루언서 평가 자동 리포트 템플릿
A3: 1) '인플루언서'와 '콘텐츠' 시트에 데이터를 입력하세요.
A4: 2) 캠페인을 운영했다면 '캠페인성과' 시트에 광고/링크/쿠폰 성과를 입력하세요.
A5: 3) '대시보드' 시트에서 자동 집계 결과와 점수를 확인하세요.
A7: 팁: 모든 지표는 샘플 수가 너무 적으면 왜곡될 수 있으니 최소 5~10개의 게시물 기준으로 판단하세요.

Sheet 인플루언서
A1: influencer_id | B1: 이름/핸들 | C1: 플랫폼 | D1: 카테고리 | E1: 팔로워수 | F1: 국가/언어 | G1: 최근30일게시물수 | H1: 비고
A2: INF-001 | B2: @samplebeauty | C2: Instagram | D2: 뷰티 | E2: 120000 | F2: KR/KO | G2: 18
A3: INF-002 | B3: TechReviewKim | C3: YouTube | D3: IT/가전 | E3: 54000 | F3: KR/KO | G3: 8

Sheet 콘텐츠
A1: date | B1: influencer_id | C1: 콘텐츠_id | D1: 포맷(릴스/쇼츠/피드) | E1: 조회수 | F1: 좋아요 | G1: 댓글 | H1: 공유 | I1: 저장 | J1: 링크클릭 | K1: 비고
A2: 2026-02-01 | B2: INF-001 | C2: C-0001 | D2: 릴스 | E2: 56000 | F2: 4200 | G2: 120 | H2: 85 | I2: 310 | J2: 640
A3: 2026-02-05 | B3: INF-001 | C3: C-0002 | D3: 릴스 | E3: 43000 | F3: 3100 | G3: 98 | H3: 60 | I3: 260 | J3: 510
A4: 2026-02-03 | B4: INF-002 | C4: C-0101 | D4: 쇼츠 | E4: 22000 | F4: 980 | G4: 44 | H4: 25 | I4: 120 | J4: 210

Sheet 캠페인성과
A1: campaign_id | B1: 캠페인명 | C1: start_date | D1: end_date | E1: influencer_id | F1: 채널 | G1: 광고비(원) | H1: 노출 | I1: 클릭 | J1: 전환수 | K1: 매출(원) | L1: 쿠폰코드/UTM | M1: 비고
A2: CMP-100 | B2: 2월 런칭 캠페인 | C2: 2026-02-01 | D2: 2026-02-14 | E2: INF-001 | F2: IG | G2: 1500000 | H2: 480000 | I2: 7200 | J2: 320 | K2: 8600000 | L2: UTM: feb_launch
A3: CMP-101 | B3: 제품 리뷰 캠페인 | C3: 2026-02-02 | D3: 2026-02-20 | E3: INF-002 | F3: YT | G3: 800000 | H3: 210000 | I3: 3400 | J3: 140 | K3: 4200000 | L3: 쿠폰: TECH10

Sheet 대시보드
A1: 대시보드 (자동 집계)
A3: 인플루언서별 요약
A4: influencer_id | B4: 이름/핸들 | C4: 팔로워수 | D4: 게시물수 | E4: 평균조회 | F4: 평균참여율(%) | G4: 링크클릭합 | H4: 광고비합(원) | I4: 매출합(원) | J4: ROAS
A5: INF-001 | B5: =IF(A5="","",XLOOKUP(A5,인플루언서!A:A,인플루언서!B:B,"")) | C5: =IF(A5="","",XLOOKUP(A5,인플루언서!A:A,인플루언서!E:E,"")) | D5: =IF(A5="","",COUNTIF(콘텐츠!B:B,A5)) | E5: =IF(A5="","",AVERAGEIF(콘텐츠!B:B,A5,콘텐츠!E:E)) | F5: =IF(A5="","",IFERROR(100*AVERAGE(IF(콘텐츠!B:B=A5,(콘텐츠!F:F+콘텐츠!G:G+콘텐츠!H:H+콘텐츠!I:I)/콘텐츠!E:E)), "")) | G5: =IF(A5="","",SUMIF(콘텐츠!B:B,A5,콘텐츠!J:J)) | H5: =IF(A5="","",SUMIF(캠페인성과!E:E,A5,캠페인성과!G:G)) | I5: =IF(A5="","",SUMIF(캠페인성과!E:E,A5,캠페인성과!K:K)) | J5: =IF(A5="","",IFERROR(I5/H5,""))
A6: INF-002 | B6: =IF(A6="","",XLOOKUP(A6,인플루언서!A:A,인플루언서!B:B,"")) | C6: =IF(A6="","",XLOOKUP(A6,인플루언서!A:A,인플루언서!E:E,"")) | D6: =IF(A6="","",COUNTIF(콘텐츠!B:B,A6)) | E6: =IF(A6="","",AVERAGEIF(콘텐츠!B:B,A6,콘텐츠!E:E)) | F6: =IF(A6="","",IFERROR(100*AVERAGE(IF(콘텐츠!B:B=A6,(콘텐츠!F:F+콘텐츠!G:G+콘텐츠!H:H+콘텐츠!I:I)/콘텐츠!E:E)), "")) | G6: =IF(A6="","",SUMIF(콘텐츠!B:B,A6,콘텐츠!J:J)) | H6: =IF(A6="","",SUMIF(캠페인성과!E:E,A6,캠페인성과!G:G)) | I6: =IF(A6="","",SUMIF(캠페인성과!E:E,A6,캠페인성과!K:K)) | J6: =IF(A6="","",IFERROR(I6/H6,""))
B7: =IF(A7="","",XLOOKUP(A7,인플루언서!A:A,인플루언서!B:B,"")) | C7: =IF(A7="","",XLOOKUP(A7,인플루언서!A:A,인플루언서!E:E,"")) | D7: =IF(A7="","",COUNTIF(콘텐츠!B:B,A7)) | E7: =IF(A7="","",AVERAGEIF(콘텐츠!B:B,A7,콘텐츠!E:E)) | F7: =IF(A7="","",IFERROR(100*AVERAGE(IF(콘텐츠!B:B=A7,(콘텐츠!F:F+콘텐츠!G:G+콘텐츠!H:H+콘텐츠!I:I)/콘텐츠!E:E)), "")) | G7: =IF(A7="","",SUMIF(콘텐츠!B:B,A7,콘텐츠!J:J)) | H7: =IF(A7="","",SUMIF(캠페인성과!E:E,A7,캠페인성과!G:G)) | I7: =IF(A7="","",SUMIF(캠페인성과!E:E,A7,캠페인성과!K:K)) | J7: =IF(A7="","",IFERROR(I7/H7,""))
B8: =IF(A8="","",XLOOKUP(A8,인플루언서!A:A,인플루언서!B:B,"")) | C8: =IF(A8="","",XLOOKUP(A8,인플루언서!A:A,인플루언서!E:E,"")) | D8: =IF(A8="","",COUNTIF(콘텐츠!B:B,A8)) | E8: =IF(A8="","",AVERAGEIF(콘텐츠!B:B,A8,콘텐츠!E:E)) | F8: =IF(A8="","",IFERROR(100*AVERAGE(IF(콘텐츠!B:B=A8,(콘텐츠!F:F+콘텐츠!G:G+콘텐츠!H:H+콘텐츠!I:I)/콘텐츠!E:E)), "")) | G8: =IF(A8="","",SUMIF(콘텐츠!B:B,A8,콘텐츠!J:J)) | H8: =IF(A8="","",SUMIF(캠페인성과!E:E,A8,캠페인성과!G:G)) | I8: =IF(A8="","",SUMIF(캠페인성과!E:E,A8,캠페인성과!K:K)) | J8: =IF(A8="","",IFERROR(I8/H8,""))
B9: =IF(A9="","",XLOOKUP(A9,인플루언서!A:A,인플루언서!B:B,"")) | C9: =IF(A9="","",XLOOKUP(A9,인플루언서!A:A,인플루언서!E:E,"")) | D9: =IF(A9="","",COUNTIF(콘텐츠!B:B,A9)) | E9: =IF(A9="","",AVERAGEIF(콘텐츠!B:B,A9,콘텐츠!E:E)) | F9: =IF(A9="","",IFERROR(100*AVERAGE(IF(콘텐츠!B:B=A9,(콘텐츠!F:F+콘텐츠!G:G+콘텐츠!H:H+콘텐츠!I:I)/콘텐츠!E:E)), "")) | G9: =IF(A9="","",SUMIF(콘텐츠!B:B,A9,콘텐츠!J:J)) | H9: =IF(A9="","",SUMIF(캠페인성과!E:E,A9,캠페인성과!G:G)) | I9: =IF(A9="","",SUMIF(캠페인성과!E:E,A9,캠페인성과!K:K)) | J9: =IF(A9="","",IFERROR(I9/H9,""))
B10: =IF(A10="","",XLOOKUP(A10,인플루언서!A:A,인플루언서!B:B,"")) | C10: =IF(A10="","",XLOOKUP(A10,인플루언서!A:A,인플루언서!E:E,"")) | D10: =IF(A10="","",COUNTIF(콘텐츠!B:B,A10)) | E10: =IF(A10="","",AVERAGEIF(콘텐츠!B:B,A10,콘텐츠!E:E)) | F10: =IF(A10="","",IFERROR(100*AVERAGE(IF(콘텐츠!B:B=A10,(콘텐츠!F:F+콘텐츠!G:G+콘텐츠!H:H+콘텐츠!I:I)/콘텐츠!E:E)), "")) | G10: =IF(A10="","",SUMIF(콘텐츠!B:B,A10,콘텐츠!J:J)) | H10: =IF(A10="","",SUMIF(캠페인성과!E:E,A10,캠페인성과!G:G)) | I10: =IF(A10="","",SUMIF(캠페인성과!E:E,A10,캠페인성과!K:K)) | J10: =IF(A10="","",IFERROR(I10/H10,""))
B11: =IF(A11="","",XLOOKUP(A11,인플루언서!A:A,인플루언서!B:B,"")) | C11: =IF(A11="","",XLOOKUP(A11,인플루언서!A:A,인플루언서!E:E,"")) | D11: =IF(A11="","",COUNTIF(콘텐츠!B:B,A11)) | E11: =IF(A11="","",AVERAGEIF(콘텐츠!B:B,A11,콘텐츠!E:E)) | F11: =IF(A11="","",IFERROR(100*AVERAGE(IF(콘텐츠!B:B=A11,(콘텐츠!F:F+콘텐츠!G:G+콘텐츠!H:H+콘텐츠!I:I)/콘텐츠!E:E)), "")) | G11: =IF(A11="","",SUMIF(콘텐츠!B:B,A11,콘텐츠!J:J)) | H11: =IF(A11="","",SUMIF(캠페인성과!E:E,A11,캠페인성과!G:G)) | I11: =IF(A11="","",SUMIF(캠페인성과!E:E,A11,캠페인성과!K:K)) | J11: =IF(A11="","",IFERROR(I11/H11,""))
B12: =IF(A12="","",XLOOKUP(A12,인플루언서!A:A,인플루언서!B:B,"")) | C12: =IF(A12="","",XLOOKUP(A12,인플루언서!A:A,인플루언서!E:E,"")) | D12: =IF(A12="","",COUNTIF(콘텐츠!B:B,A12)) | E12: =IF(A12="","",AVERAGEIF(콘텐츠!B:B,A12,콘텐츠!E:E)) | F12: =IF(A12="","",IFERROR(100*AVERAGE(IF(콘텐츠!B:B=A12,(콘텐츠!F:F+콘텐츠!G:G+콘텐츠!H:H+콘텐츠!I:I)/콘텐츠!E:E)), "")) | G12: =IF(A12="","",SUMIF(콘텐츠!B:B,A12,콘텐츠!J:J)) | H12: =IF(A12="","",SUMIF(캠페인성과!E:E,A12,캠페인성과!G:G)) | I12: =IF(A12="","",SUMIF(캠페인성과!E:E,A12,캠페인성과!K:K)) | J12: =IF(A12="","",IFERROR(I12/H12,""))
B13: =IF(A13="","",XLOOKUP(A13,인플루언서!A:A,인플루언서!B:B,"")) | C13: =IF(A13="","",XLOOKUP(A13,인플루언서!A:A,인플루언서!E:E,"")) | D13: =IF(A13="","",COUNTIF(콘텐츠!B:B,A13)) | E13: =IF(A13="","",AVERAGEIF(콘텐츠!B:B,A13,콘텐츠!E:E)) | F13: =IF(A13="","",IFERROR(100*AVERAGE(IF(콘텐츠!B:B=A13,(콘텐츠!F:F+콘텐츠!G:G+콘텐츠!H:H+콘텐츠!I:I)/콘텐츠!E:E)), "")) | G13: =IF(A13="","",SUMIF(콘텐츠!B:B,A13,콘텐츠!J:J)) | H13: =IF(A13="","",SUMIF(캠페인성과!E:E,A13,캠페인성과!G:G)) | I13: =IF(A13="","",SUMIF(캠페인성과!E:E,A13,캠페인성과!K:K)) | J13: =IF(A13="","",IFERROR(I13/H13,""))
B14: =IF(A14="","",XLOOKUP(A14,인플루언서!A:A,인플루언서!B:B,"")) | C14: =IF(A14="","",XLOOKUP(A14,인플루언서!A:A,인플루언서!E:E,"")) | D14: =IF(A14="","",COUNTIF(콘텐츠!B:B,A14)) | E14: =IF(A14="","",AVERAGEIF(콘텐츠!B:B,A14,콘텐츠!E:E)) | F14: =IF(A14="","",IFERROR(100*AVERAGE(IF(콘텐츠!B:B=A14,(콘텐츠!F:F+콘텐츠!G:G+콘텐츠!H:H+콘텐츠!I:I)/콘텐츠!E:E)), "")) | G14: =IF(A14="","",SUMIF(콘텐츠!B:B,A14,콘텐츠!J:J)) | H14: =IF(A14="","",SUMIF(캠페인성과!E:E,A14,캠페인성과!G:G)) | I14: =IF(A14="","",SUMIF(캠페인성과!E:E,A14,캠페인성과!K:K)) | J14: =IF(A14="","",IFERROR(I14/H14,""))
B15: =IF(A15="","",XLOOKUP(A15,인플루언서!A:A,인플루언서!B:B,"")) | C15: =IF(A15="","",XLOOKUP(A15,인플루언서!A:A,인플루언서!E:E,"")) | D15: =IF(A15="","",COUNTIF(콘텐츠!B:B,A15)) | E15: =IF(A15="","",AVERAGEIF(콘텐츠!B:B,A15,콘텐츠!E:E)) | F15: =IF(A15="","",IFERROR(100*AVERAGE(IF(콘텐츠!B:B=A15,(콘텐츠!F:F+콘텐츠!G:G+콘텐츠!H:H+콘텐츠!I:I)/콘텐츠!E:E)), "")) | G15: =IF(A15="","",SUMIF(콘텐츠!B:B,A15,콘텐츠!J:J)) | H15: =IF(A15="","",SUMIF(캠페인성과!E:E,A15,캠페인성과!G:G)) | I15: =IF(A15="","",SUMIF(캠페인성과!E:E,A15,캠페인성과!K:K)) | J15: =IF(A15="","",IFERROR(I15/H15,""))
B16: =IF(A16="","",XLOOKUP(A16,인플루언서!A:A,인플루언서!B:B,"")) | C16: =IF(A16="","",XLOOKUP(A16,인플루언서!A:A,인플루언서!E:E,"")) | D16: =IF(A16="","",COUNTIF(콘텐츠!B:B,A16)) | E16: =IF(A16="","",AVERAGEIF(콘텐츠!B:B,A16,콘텐츠!E:E)) | F16: =IF(A16="","",IFERROR(100*AVERAGE(IF(콘텐츠!B:B=A16,(콘텐츠!F:F+콘텐츠!G:G+콘텐츠!H:H+콘텐츠!I:I)/콘텐츠!E:E)), "")) | G16: =IF(A16="","",SUMIF(콘텐츠!B:B,A16,콘텐츠!J:J)) | H16: =IF(A16="","",SUMIF(캠페인성과!E:E,A16,캠페인성과!G:G)) | I16: =IF(A16="","",SUMIF(캠페인성과!E:E,A16,캠페인성과!K:K)) | J16: =IF(A16="","",IFERROR(I16/H16,""))
B17: =IF(A17="","",XLOOKUP(A17,인플루언서!A:A,인플루언서!B:B,"")) | C17: =IF(A17="","",XLOOKUP(A17,인플루언서!A:A,인플루언서!E:E,"")) | D17: =IF(A17="","",COUNTIF(콘텐츠!B:B,A17)) | E17: =IF(A17="","",AVERAGEIF(콘텐츠!B:B,A17,콘텐츠!E:E)) | F17: =IF(A17="","",IFERROR(100*AVERAGE(IF(콘텐츠!B:B=A17,(콘텐츠!F:F+콘텐츠!G:G+콘텐츠!H:H+콘텐츠!I:I)/콘텐츠!E:E)), "")) | G17: =IF(A17="","",SUMIF(콘텐츠!B:B,A17,콘텐츠!J:J)) | H17: =IF(A17="","",SUMIF(캠페인성과!E:E,A17,캠페인성과!G:G)) | I17: =IF(A17="","",SUMIF(캠페인성과!E:E,A17,캠페인성과!K:K)) | J17: =IF(A17="","",IFERROR(I17/H17,""))
B18: =IF(A18="","",XLOOKUP(A18,인플루언서!A:A,인플루언서!B:B,"")) | C18: =IF(A18="","",XLOOKUP(A18,인플루언서!A:A,인플루언서!E:E,"")) | D18: =IF(A18="","",COUNTIF(콘텐츠!B:B,A18)) | E18: =IF(A18="","",AVERAGEIF(콘텐츠!B:B,A18,콘텐츠!E:E)) | F18: =IF(A18="","",IFERROR(100*AVERAGE(IF(콘텐츠!B:B=A18,(콘텐츠!F:F+콘텐츠!G:G+콘텐츠!H:H+콘텐츠!I:I)/콘텐츠!E:E)), "")) | G18: =IF(A18="","",SUMIF(콘텐츠!B:B,A18,콘텐츠!J:J)) | H18: =IF(A18="","",SUMIF(캠페인성과!E:E,A18,캠페인성과!G:G)) | I18: =IF(A18="","",SUMIF(캠페인성과!E:E,A18,캠페인성과!K:K)) | J18: =IF(A18="","",IFERROR(I18/H18,""))
... B54: =IF(A54="","",XLOOKUP(A54,인플루언서!A:A,인플루언서!B:B,"")) | C54: =IF(A54="","",XLOOKUP(A54,인플루언서!A:A,인플루언서!E:E,"")) | D54: =IF(A54="","",COUNTIF(콘텐츠!B:B,A54)) | E54: =IF(A54="","",AVERAGEIF(콘텐츠!B:B,A54,콘텐츠!E:E)) | F54: =IF(A54="","",IFERROR(100*AVERAGE(IF(콘텐츠!B:B=A54,(콘텐츠!F:F+콘텐츠!G:G+콘텐츠!H:H+콘텐츠!I:I)/콘텐츠!E:E)), "")) | G54: =IF(A54="","",SUMIF(콘텐츠!B:B,A54,콘텐츠!J:J)) | H54: =IF(A54="","",SUMIF(캠페인성과!E:E,A54,캠페인성과!G:G)) | I54: =IF(A54="","",SUMIF(캠페인성과!E:E,A54,캠페인성과!K:K)) | J54: =IF(A54="","",IFERROR(I54/H54,""))
