Workbook

Sheet 가이드
A1: GENIE_ROI V314 광고 전개(인플루언서 없이) 자동 리포트 템플릿
A3: 1) '캠페인' 시트에 광고 플랫폼별 캠페인 성과를 입력하세요.
A4: 2) '전환/매출' 시트에 주문/리드/매출 데이터를 입력하세요(UTM/전환ID 기준).
A5: 3) '대시보드'에서 ROAS, CPA, 채널별 효율을 자동 확인하세요.

Sheet 캠페인
A1: date | B1: channel(구글/메타/틱톡/네이버 등) | C1: campaign_id | D1: campaign_name | E1: objective | F1: spend(원) | G1: impressions | H1: clicks | I1: ctr(%) | J1: cpc(원) | K1: notes
A2: 2026-02-01 | B2: Google Ads | C2: GA-200 | D2: 검색-브랜드 | E2: 전환 | F2: 350000 | G2: 120000 | H2: 3400 | I2: =IFERROR(H2/G2*100,0) | J2: =IFERROR(F2/H2,0)
A3: 2026-02-01 | B3: Meta Ads | C3: FB-120 | D3: 리타겟팅 | E3: 구매 | F3: 420000 | G3: 180000 | H3: 2900 | I3: =IFERROR(H3/G3*100,0) | J3: =IFERROR(F3/H3,0)

Sheet 전환매출
A1: date | B1: conversion_id/UTM | C1: campaign_id | D1: conversions | E1: revenue(원) | F1: leads | G1: notes
A2: 2026-02-01 | B2: utm=brand_search | C2: GA-200 | D2: 120 | E2: 2600000 | F2: 35
A3: 2026-02-01 | B3: utm=retarget | C3: FB-120 | D3: 95 | E3: 3100000 | F3: 18

Sheet 대시보드
A1: 대시보드 (광고만 운영)
A3: 채널별 요약
A4: channel | B4: 광고비합(원) | C4: 노출합 | D4: 클릭합 | E4: 평균CTR(%) | F4: 전환합 | G4: 매출합(원) | H4: ROAS | I4: CPA(원)
A5: Google Ads | B5: =SUMIF(캠페인!B:B,A5,캠페인!F:F) | C5: =SUMIF(캠페인!B:B,A5,캠페인!G:G) | D5: =SUMIF(캠페인!B:B,A5,캠페인!H:H) | E5: =IFERROR(D5/C5*100,"") | F5: =SUMIF(전환매출!C:C,"*",(전환매출!D:D))
A6: Meta Ads | B6: =SUMIF(캠페인!B:B,A6,캠페인!F:F) | C6: =SUMIF(캠페인!B:B,A6,캠페인!G:G) | D6: =SUMIF(캠페인!B:B,A6,캠페인!H:H) | E6: =IFERROR(D6/C6*100,"") | F6: =SUMIF(전환매출!C:C,"*",(전환매출!D:D))
A7: TikTok Ads | B7: =SUMIF(캠페인!B:B,A7,캠페인!F:F) | C7: =SUMIF(캠페인!B:B,A7,캠페인!G:G) | D7: =SUMIF(캠페인!B:B,A7,캠페인!H:H) | E7: =IFERROR(D7/C7*100,"") | F7: =SUMIF(전환매출!C:C,"*",(전환매출!D:D))
A8: Naver Ads | B8: =SUMIF(캠페인!B:B,A8,캠페인!F:F) | C8: =SUMIF(캠페인!B:B,A8,캠페인!G:G) | D8: =SUMIF(캠페인!B:B,A8,캠페인!H:H) | E8: =IFERROR(D8/C8*100,"") | F8: =SUMIF(전환매출!C:C,"*",(전환매출!D:D))
A10: 전체 요약
A11: 총 광고비 | B11: =SUM(캠페인!F:F)
A12: 총 매출 | B12: =SUM(전환매출!E:E)
A13: 전체 ROAS | B13: =IFERROR(B12/B11,"")
A14: 총 전환 | B14: =SUM(전환매출!D:D)
A15: 전체 CPA | B15: =IFERROR(B11/B14,"")
